start_x,start_y,start_z,goal_x,goal_y,goal_z
1.25791876843025,2.5816904274196624,-1.1,5.150971593238782,1.2317598116490929,-1.1
1.177898818562693,0.2175351953195569,-1.1,5.392188382610667,2.021678019933029,-1.1
0.4842590196736773,0.2806628984659491,-1.1,2.4235776662717554,2.3830231576491423,-1.1
4.272663995095803,0.6580257776744599,-1.1,0.6883156779587485,-0.4269826631370858,-1.1
5.597405996108912,-0.3325351289294252,-1.1,2.197694186184472,-0.3548826825293953,-1.1
6.105590652064428,2.6240911873961847,-1.1,2.864447889068406,0.1973996120743099,-1.1
3.83944467180782,1.65792091803288,-1.1,1.5341902973763537,-0.3453482083922284,-1.1
